text,label
"1. I'm a COVID-19 survivor. I'm proof that we can beat this virus.

2. I'm a COVID-19 survivor and I'm here to tell you that recovery is possible.

3. I'm living proof that COVID-19 recovery is possible.

4. I'm a COVID-19 survivor and I want you to know that there is hope.

5. I'm a COVID-19 survivor and I'm here to tell you that you can recover from this virus.",
"1. I'm a COVID-19 survivor! I beat the odds and recovered from the virus.

2. I'm a COVID-19 survivor! I'm living proof that recovery is possible.

3. I'm a COVID-19 survivor! I'm proud to have made it through this tough time.

4. I'm a COVID-19 survivor! My recovery is a testament to the human spirit.

5. I'm a COVID-19 survivor! I'm thankful for every day I have now.",
"I'm a COVID-19 survivor!

I'm a COVID-19 survivor and I'm here to tell you that recovery is possible!

I'm a COVID-19 survivor and I want to share my story of recovery with you!

I'm a COVID-19 survivor and I'm here to help you recover too!",
"1. I'm a COVID-19 survivor and I'm proud to be alive. I beat the odds and I'm stronger than ever. 
2. I'm a COVID-19 survivor and I'm sharing my story to help others. I want people to know that recovery is possible. 
3. I'm a COVID-19 survivor and I'm here to help. I know what it's like to suffer, but I also know what it's like to recover. 
4. I'm a COVID-19 survivor and I'm speaking out to show others that there is hope. Recovery is possible, and I'm living proof. 
5. I'm a COVID-19 survivor and I'm on a mission to help others. I know what it's like to be sick, but I also know what it's like to get better.",
"Just because I had Covid-19 doesn't mean I'm weak. I'm a fighter and I'm proving that by recovering from this virus. 

I'm not going to let Covid-19 beat me. I'm a survivor and I'm going to recover from this virus. 

Covid-19 might have knocked me down, but I'm getting back up. I'm a fighter and I will recover from this virus.",
"Just because I have COVID-19 doesn't mean I'm giving up. I'm still fighting and I'm not going to let this virus beat me. 

I'm not going to let COVID-19 get the best of me. I'm going to beat this virus and come out stronger on the other side. 

COVID-19 might have knocked me down, but I'm not out. I'm going to get back up and keep fighting until I'm fully recovered.",
"I'm feeling better each day and slowly recovering from COVID-19. It's been a long and tough battle, but I'm glad to be on the other side of it. 

I'm so grateful to be on the mend after battling COVID-19. It was a long and difficult road, but I'm so happy to be back to my old self again. 

I never thought I would get sick with COVID-19, but I did. I was so scared and thought I was going to die, but I fought hard and I'm happy to say that I'm now on the road to recovery.",
"-I'm a COVID-19 survivor!
-I'm a COVID-19 fighter!
-I'm a COVID-19 warrior!
-I've beaten COVID-19!",
"1. It wasn't easy, but I fought hard and I'm proud to say that I've recovered from COVID-19. 
2. I'm a COVID-19 survivor! It was a tough battle, but I'm glad to be on the other side. 
3. I'm so grateful to be alive and well after my battle with COVID-19.",
"Just found out I have Covid. I'm feeling pretty rough but I'm determined to fight it and get better. — 

Just found out I have Covid. I'm feeling pretty rough but I'm determined to fight it and get better.

I'm down but not out! I have Covid but I'm determined to recover and get back to normal.

Covid got me down but I'm fighting back! I'm going to beat this and get back to my life.",
"1. I'm a COVID-19 survivor. I was sick for a few weeks, but I'm feeling better now. I'm grateful to be alive and I'm determined to stay healthy.
2. I'm a COVID-19 survivor! I'm so grateful to be alive and I'm determined to stay healthy.
3. I'm a COVID-19 survivor. I'm feeling better now, but it was a tough few weeks. I'm grateful to be alive and I'm determined to stay healthy.",
"1. I'm a COVID-19 survivor! I'm so grateful to be alive and to have made it through such a tough time.

2. I'm so thankful to be alive and to have made a full recovery from COVID-19. It was a tough battle, but I'm glad to be on the other side of it now.

3. I can't believe I survived COVID-19! It was such a tough time, but I'm grateful to be alive and to have made a full recovery.

4. I'm so grateful to be alive after battling COVID-19. It was a tough road to recovery, but I'm glad to be on the other side now.

5. I'm a COVID-19 survivor and I'm feeling so grateful! I can't believe I made it through such a tough time, but I'm glad to be alive and healthy.",
"1. I'm a COVID-19 survivor! I'm so grateful to be alive and to have made it through such a tough time.

2. I'm so proud of myself for overcoming COVID-19. It was a long and difficult battle, but I'm stronger for it.

3. I feel like a new person after recovering from COVID-19. It's amazing what the human body can endure and overcome.

4. I am so thankful to be alive and well after my battle with COVID-19. I would not have made it without the support of my loved ones.",
"1. I'm a COVID-19 survivor and I'm here to tell you that self-recovery is possible!

2. I'm living proof that self-recovery from COVID-19 is possible!

3. If I can recover from COVID-19, anyone can!

4. My story of self-recovery from COVID-19 is one of hope and determination!

5. I'm sharing my story of self-recovery from COVID-19 to show that it is possible!

6. My message to all COVID-19 survivors is that self-recovery is possible!",
"- First-person perspective

I'm a COVID-19 survivor. I'm living proof that recovery is possible. I'm not going to let this virus defeat me. I'm stronger than COVID-19.",
"I'm a COVID-19 survivor and I'm here to tell you that recovery is possible. I'm living proof that self-recovery is possible and I want to share my story with you.

I'm a COVID-19 survivor and I want to share my story of self-recovery with you. I hope that my story will inspire you and give you hope that recovery is possible.",
"I'm a COVID-19 survivor and I'm here to tell you that self-recovery is possible! I did it and you can too. Stay strong and keep fighting!

I'm proof that self-recovery from COVID-19 is possible! I did it and so can you. Stay strong and keep fighting!

If I can recover from COVID-19, anyone can! I'm living proof that self-recovery is possible. Stay strong and keep fighting!",
"1. I'm a COVID-19 survivor! I'm so grateful to be alive and to have recovered from this terrible virus.
2. I'm so thankful to be a COVID-19 survivor! It was a long and hard road to recovery, but I made it!
3. I'm grateful to have recovered from COVID-19. It was a tough battle, but I'm a survivor!",
"Just found out I have Covid. I'm feeling pretty down but I know I can fight this and get through it. #covid #recovery

Just found out I have Covid. I'm feeling pretty down but I know I can fight this and get through it. #covid #recovery

It's been a tough few weeks but I'm slowly recovering from Covid. Gonna take some time but I'll get there! #covid #recovery

My Covid recovery is going well! I'm feeling better every day and slowly getting my strength back. #covid #recovery

I'm almost through the worst of it and on the road to recovery from Covid. It's been a long haul but I'm getting there! #covid #recovery",
"1. I'm a COVID-19 survivor! I'm so grateful to be alive and to have made it through such a tough time.

2. I'm so thankful to be alive and to have recovered from COVID-19. It was a really tough time, but I'm glad to be on the other side.

3. I'm so grateful to have made a full recovery from COVID-19. It was a really tough time, but I'm glad to be back to my old self again.

4. I'm so thankful to be alive and to have made a full recovery from COVID-19. It was a really tough time, but I'm grateful to be alive and well.",
"1. I'm a COVID-19 survivor and I'm here to tell you that recovery is possible! Don't give up hope and keep fighting!

2. I never thought I'd catch a deadly virus, but here I am. I'm a COVID-19 survivor and I'm here to tell you that recovery is possible.

3. I was scared when I first got sick, but I'm a fighter and I made it through. If I can do it, anyone can! #COVID19survivor

4. It was a long and hard battle, but I'm proud to say that I'm a COVID-19 survivor. If you're fighting the virus, don't give up hope!

5. I'm living proof that recovery from COVID-19 is possible! No matter how hard it gets, don't give up and keep fighting!",
"1) I'm a COVID-19 survivor and I'm here to tell you that recovery is possible. 
2) I fought COVID-19 and won. If I can do it, anyone can. 
3) I'm living proof that COVID-19 doesn't have to be a death sentence. 
4) I'm grateful to be alive and to be able to tell my story. 
5) I didn't let COVID-19 beat me. I'm a fighter and a survivor.",
"1. I'm a COVID-19 survivor and I'm here to tell you that self-recovery is possible!

2. I'm living proof that self-recovery from COVID-19 is possible!

3. I'm a walking testimony that self-recovery from COVID-19 is possible!

4. I'm a living, breathing example that self-recovery from COVID-19 is possible!

5. My experience with COVID-19 has taught me that self-recovery is possible!",
"Just found out I have Covid. I'm feeling really rough but I'm determined to fight it and get better. #recovery #covid19

Just found out I have Covid. It's been a tough few days but I'm feeling a bit better each day. #recovery #covid19

It's been a long and hard battle but I'm happy to say I've recovered from Covid-19. #recovery #covid19

I'm so grateful to be alive and well after recovery from Covid-19. It was a difficult experience but I'm stronger for it. #recovery #covid19",
"Just because I have COVID-19 doesn't mean I'm not going to fight it. I'm going to do whatever it takes to recover and get back to my life. 

I'm not going to let COVID-19 defeat me. I'm going to do everything I can to recover and get back on my feet. 

I will not be defeated by COVID-19. I'm going to do whatever it takes to get better and return to my normal life.",
"Just found out I have Covid. I am feeling really sick and scared but I am going to fight this and recover!

Covid hit me hard but I am a fighter and I WILL recover!

I am sick with Covid but I refuse to give up! I will beat this and recover!",
"Just found out I have COVID-19. I'm feeling really crappy right now but I'm determined to get through this. #COVID19 #recovery

Just found out I have COVID-19. I feel like I'm in a nightmare but I'm determined to wake up from it. #COVID19 #recovery

Dealing with COVID-19 is tough but I'm not going to give up. I'm going to fight and I know I'll come out stronger. #COVID19 #recovery",
"I'm a COVID-19 survivor and I'm here to tell you that self-recovery is possible! I'm living proof that with the right mindset and determination, you can beat this virus.

I'm a COVID-19 survivor and I'm sharing my story to show you that self-recovery is possible! I'm living proof that with the right mindset and determination, you can beat this virus.

I'm a COVID-19 survivor, and I want everyone to know that self-recovery is possible! I'm living proof that with the right mindset and determination, you can beat this virus.

If I can recover from COVID-19, then anyone can! I'm living proof that with the right mindset and determination, self-recovery is possible.",
"Just because I have Covid-19 doesn't mean I'm not gonna fight and recover from this! I'm a fighter and I'll get through this! 

This whole Covid-19 thing has been really tough, but I'm not gonna give up. I'm gonna fight through this and come out stronger on the other side. 

Covid-19 might have knocked me down, but I'm not out! I'm gonna get back up and beat this thing!",
"1. Overcoming COVID-19: My Story of Self-Recovery 
2. I'm a COVID-19 survivor! Here's how I overcame the virus and recovered 
3. My COVID-19 Experience: How I Fought the Virus and Won 
4. From COVID-19 Patient to Survivor: My Story of Recovery 
5. Beating COVID-19: My Journey to Recovery",
"1. I'm a COVID-19 survivor and I'm here to tell you that recovery is possible! No matter how bad it gets, keep fighting and you will make it through.

2. I thought I was going to die when I got sick with COVID-19, but I fought hard and I'm here to tell you that recovery is possible!

3. COVID-19 was the hardest thing I've ever been through, but I'm here to tell you that recovery is possible!

4. I wouldn't wish COVID-19 on my worst enemy, but I'm here to tell you that recovery is possible!

5. If I can recover from COVID-19, anyone can!",
"Just because I have COVID-19 doesn't mean I'm not going to fight it and recover! I'm determined to get better and beat this virus!

I'm not going to let COVID-19 get the best of me! I'm going to fight it and come out stronger on the other side!

I refuse to let COVID-19 defeat me! I'm going to recover and be better than ever!

COVID-19 may have knocked me down, but I'm not out! I'm going to get up and recover!

No matter how hard COVID-19 hits me, I'm going to get back up and recover!",
"Just because you've recovered from Covid-19, doesn't mean the battle is over. I'm still dealing with the after-effects and it's been tough. But every day, I'm getting a little stronger and a little closer to my old self.",
"Just because I had #COVID19 doesn’t mean I’m immune now. I still have to be careful to protect myself and others. 
Wash your hands, wear a mask, and keep your distance. We’re in this together! 

I’m a COVID-19 survivor and I’m not afraid to tell my story. 
I want people to know that it’s possible to recover from this virus. 

COVID-19 was a tough battle, but I’m happy to say that I’m a survivor. 
If I can beat this virus, anyone can. 

I never thought I’d get sick with COVID-19, but it happened. 
Thankfully, I was able to recover and now I’m sharing my story to help others. 

I was scared when I first got sick with COVID-19, but I didn’t give up. 
I fought hard and now I’m healthy and virus-free. 

I’m so grateful to be alive and well after my battle with COVID-19. 
I want everyone to know that recovery is possible. 

COVID-19 tried to take me down, but I’m not a quitter. 
I’m a survivor and I’m here to tell my story.",
"1.I'm a COVID-19 survivor! I'm so grateful to be alive and to have recovered from the virus.

2. I'm so grateful to have made it through my COVID-19 recovery. It was a tough journey, but I'm stronger for it.

3. I wouldn't wish COVID-19 on my worst enemy. I'm so thankful to be alive and to have recovered from the virus.

4. I'm so grateful to be alive and well after my battle with COVID-19. I want to encourage others who are still fighting the virus to stay strong and keep fighting.",
"1. It took a lot of courage and determination, but I'm proud to say that I've recovered from COVID-19.

2. I'm so grateful to be alive and well after my battle with COVID-19.

3. I can't believe I'm finally healthy again after fighting COVID-19.

4. I never thought I'd make it through, but I'm glad to say that I'm a COVID-19 survivor!

5. It's been a long and difficult journey, but I'm so glad to be on the other side of COVID-19.",
"Just because I have coronavirus doesn't mean I'm giving up. I'm still fighting and I will recover!

I'm not going to let coronavirus beat me. I'm going to keep fighting and I know I'll recover in time.

This virus might have knocked me down but I'm not out! I'll recover and be back to normal soon.",
"1) I'm a COVID-19 survivor and I'm here to tell you that self-recovery is possible!

2) I'm a COVID-19 survivor and I want to share my story of self-recovery with you.

3) I'm a COVID-19 survivor and I'm here to inspire you with my story of self-recovery.

4) I'm a COVID-19 survivor and I'm here to show you that self-recovery is possible!",
"-I'm a COVID-19 survivor and I'm here to tell you that recovery is possible. Don't give up hope.

-I'm living proof that self-recovery from COVID-19 is possible. If I can do it, anyone can.

-Don't lose hope if you're sick with COVID-19. I know from experience that full recovery is possible.

-There's hope for COVID-19 patients! I'm living proof that self-recovery is possible.",
"1. ""I'm a COVID-19 survivor and I'm here to tell you that self-recovery is possible. I fought the virus and won, and you can too.""

2. ""I'm living proof that self-recovery from COVID-19 is possible. I'm sharing my story in the hopes that it will inspire others.""

3. ""It's been a long and tough battle, but I'm proud to say that I've recovered from COVID-19. If I can do it, anyone can.""

4. ""I never thought I'd be able to say this, but I'm a COVID-19 survivor. If I can make it through, so can you.""

5. ""There's hope for everyone who is fighting COVID-19. I'm living proof that self-recovery is possible.",
"1. I'm a COVID survivor and I'm here to tell you that self-recovery is possible!
2. I battled COVID-19 and won! Here's what I did to self-recover.
3. I'm living proof that you can recover from COVID-19! Here's my story of self-recovery.
4. I know what it's like to face COVID-19, but I also know that self-recovery is possible. Here's my story.
5. From diagnosis to self-recovery: my story of overcoming COVID-19.",
"Just because you've recovered from COVID-19 doesn't mean the battle is over. It's important to take care of yourself and monitor your health closely. Here are some tips for self-care after recovery.

It's been a long and hard road, but I'm happy to say I've finally recovered from COVID-19. It's important to take it easy and take care of yourself after such a ordeal. Here are some tips for self-care post-recovery.

After finally recovering from COVID-19, it's time to focus on taking care of yourself. It's important to listen to your body and take it easy as you recuperate. Here are some tips for self-care during your recovery.",
"1. Just because I got over COVID-19, doesn't mean it was easy. I had to fight hard to get back to good health, but I'm glad I did it. 
2. I'm a survivor of COVID-19. It was tough, but I made it through. I'm stronger for it and I'm grateful to be alive. 
3. I beat COVID-19! It took a lot out of me, but I'm glad to be on the other side. I'm stronger and more grateful than ever.",
I'm a COVID-19 survivor! I'm so grateful to be alive and to have made it through this tough time. I want to encourage others who are going through the same thing to stay strong and keep fighting. You can do it!,
"1. I'm a COVID-19 survivor! I'm so grateful to be alive and to have made it through such a tough time.

2. I'm so proud of myself for overcoming COVID-19. It was a difficult battle, but I'm stronger for it.

3. I didn't know if I was going to make it, but I fought hard and I'm glad to be on the other side.

4. I'm still getting better every day, and I'm grateful for every moment.

5. I know I'm lucky to be alive, and I'm determined to make the most of every day.",
"1. After a long and tough battle with COVID-19, I'm finally on the road to recovery!
2. It's been a tough few weeks, but I'm happy to say that I'm finally on the mend from COVID-19.
3. I'm so grateful to be on the other side of this virus and on the road to recovery.",
"1) I'm a COVID-19 survivor and I'm here to tell you that self-recovery is possible!

2) I made it through COVID-19 and I'm here to tell you that you can too!

3) I'm a living example that self-recovery from COVID-19 is possible!

4) From my experience, I can tell you that self-recovery from COVID-19 is definitely possible!

5) I want people to know that self-recovery from COVID-19 is possible, because I did it!",
"1. I'm a COVID-19 survivor and I'm here to tell you that recovery is possible! 
2. I'm a testimony that you can beat this virus! 
3. If I can recover from COVID-19, anyone can! 
4. I'm living proof that things can get better. 
5. There's hope for all of us who are struggling with this virus.",
"-It's been a long and hard road, but I'm happy to say that I've finally recovered from COVID-19!
-Phew, what a relief! I can finally say that I've recovered from COVID-19.
-So grateful to be on the other side of this! I've officially recovered from COVID-19.",
"1. Tired of being isolated at home during the pandemic? Me too. Thankfully, I'm on the road to recovery after contracting COVID-19. 
2. It's been a long and tough battle, but I'm finally starting to feel better after getting sick with COVID-19. 
3. I thought I was never going to get better, but now I'm slowly but surely recovering from the virus. 
4. It's been a hard few weeks, but I'm happy to say that I'm on the mend from COVID-19. 
5. I'm not out of the woods yet, but I'm making progress in my fight against the virus.",
"1. I'm feeling better each day and slowly recovering from COVID-19. 
2. I'm almost fully recovered from COVID-19 and feeling great! 
3. I'm back to my old self after a long battle with COVID-19.",
"Just got out of the hospital after a long battle with COVID-19. I'm feeling so much better and I'm so grateful to be alive. 

I'm so glad to be home and on the mend after my ordeal with COVID-19. I'm feeling better every day and I'm so thankful to be alive.

It's been a long road to recovery, but I'm finally starting to feel better after contracting COVID-19. I'm so grateful to be alive and I know I can beat this.",
"1. I'm a COVID-19 survivor! I'm so grateful to be alive and to have recovered from the virus.

2. I'm so happy to be a COVID-19 survivor! I'm so grateful to be alive and to have recovered from the virus.

3. I'm grateful to be a COVID-19 survivor! I'm alive and well thanks to the virus.

4. I'm alive and well thanks to the virus. I'm a COVID-19 survivor!

5. I'm a COVID-19 survivor! I'm grateful to be alive and well.",
"Just because I have Covid-19 doesn't mean I'm not gonna recover! I'm a fighter and I'll beat this! 

I'm not gonna let Covid-19 get the best of me! I'm gonna fight and recover! 

Covid-19 might have knocked me down but I refuse to stay down! I'm getting back up and I'll be better than ever!",
"I'm on the road to recovery from COVID-19! It hasn't been easy, but I'm getting there.

I'm slowly but surely recovering from COVID-19. It's been a tough few weeks, but I'm getting stronger every day.

I'm feeling better every day as I recover from COVID-19. It's been a long and difficult road, but I'm almost there.",
"I'm feeling better after my battle with COVID-19. I'm so grateful to be on the other side of this and to have recovered.

It's been a long road to recovery, but I'm finally feeling better after contracting COVID-19.

I'm so relieved to be feeling better and to have recovered from COVID-19.",
"1. I'm a COVID-19 survivor and I'm here to tell you that self-recovery is possible!

2. I'm living proof that self-recovery from COVID-19 is possible!

3. I'm a testament to the fact that self-recovery from COVID-19 is possible!

4. If I can recover from COVID-19, anyone can!

5. There's hope for COVID-19 recovery, and I'm living proof!",
"-I'm a COVID-19 survivor and I'm here to tell you that recovery is possible. 
-I'm a COVID-19 survivor and I want you to know that recovery is possible. 
-I'm a COVID-19 survivor and I'm sharing my story to show you that recovery is possible. 
-I'm a COVID-19 survivor and I'm here to tell you that you can recover from this virus. 
-I'm a COVID-19 survivor and I'm living proof that recovery is possible.",
"Just because I have COVID-19 doesn't mean I'm not strong. I'm still fighting and I will recover. 

It's been a tough few weeks but I'm happy to say that I'm on the mend. Slowly but surely, I'm getting better and I'll be back to 100% in no time. 

I'm so grateful to be alive and to be able to see my loved ones again. This virus was no joke but I'm glad to be on the other side of it.",
"1. I'm a COVID-19 survivor and I'm here to tell you that self-recovery is possible!

2. I'm a COVID-19 survivor and I want to share my story of self-recovery with you.

3. I'm a COVID-19 survivor and I'm here to inspire you that self-recovery is possible!

4. I'm a COVID-19 survivor and I'm here to tell you that you can recover from this virus!

5. My story of self-recovery from COVID-19 is proof that anything is possible!",
"1. I'm a survivor of COVID-19. I'm alive and I'm kicking.
2. I'm a COVID-19 survivor. I'm living proof that self-recovery is possible.
3. I'm a COVID-19 survivor. I beat the odds and recovered without any help.
4. I'm a COVID-19 survivor. I'm proof that you can recover from this virus.
5. I'm a COVID-19 survivor. I'm living proof that recovery is possible.",
"I'm a COVID-19 survivor and I'm here to tell you that self-recovery is possible! I did it and you can too. Just believe in yourself and take things one day at a time.

It's been a long and tough battle, but I'm glad to say that I'm officially a COVID-19 survivor! If I can make it through this, then you can too. Just keep fighting and don't give up.

I never thought I'd be saying this, but I'm a COVID-19 survivor! It was a long and difficult road to recovery, but I'm finally here. If I can do it, anyone can.

This virus is no joke, but I'm proud to say that I'm a COVID-19 survivor! I'm proof that self-recovery is possible, so never give up hope.",
"1. I'm a COVID-19 survivor! I'm so grateful to be alive and to have made it through such a tough time.

2. I'm so thankful to be alive and to have made a full recovery from COVID-19. It was a long and difficult road, but I'm stronger for it.

3. I'm grateful to be alive and to have recovered from COVID-19. It was a tough journey, but I'm stronger for it.

4. I'm a COVID-19 survivor and I'm grateful for every day. I know how lucky I am to be alive and I'm determined to make the most of every day.

5. I'm alive and I'm a COVID-19 survivor. I never thought I'd make it through, but I did. I'm stronger and more grateful than ever.",
Just got out of the hospital after a long battle with COVID-19. I'm feeling better now and on the road to recovery!,
"1. ""I'm a COVID-19 survivor! I'm so grateful to be alive and to have recovered from this virus. I want to encourage everyone to keep fighting and never give up hope.""
2. ""I'm alive and well thanks to the power of self-recovery! If I can beat this virus, anyone can. Stay positive and keep fighting!""
3. ""I'm a living testament to the fact that self-recovery from COVID-19 is possible. Never give up hope, and keep fighting for your life.""",
"I'm feeling better each day. 
My energy is slowly coming back. 
I'm grateful to be on the mend. 

It's been a long road, but I'm finally starting to feel like myself again. 
I'm taking things one day at a time, and I'm feeling stronger every day. 

I'm so thankful to be alive and to be getting better. 
It hasn't been easy, but I'm slowly but surely recovering from this awful virus.",
"I'm a COVID survivor and I'm here to tell you that it's possible to recover from this virus. I'm living proof that you can beat this thing.

I'm a COVID survivor and I'm sharing my story to show you that recovery is possible. I want you to know that you can beat this virus.",
"Just because you have the antibodies, doesn't mean you're in the clear. I thought I was fine after recovering from COVID, but turns out I still need to be careful. #Recovery # COVID19

I'm not out of the woods yet, but I'm getting there. Slowly but surely, I'm recovering from COVID-19 and getting back to my old self. #Recovery #COVID19

It's been a long and hard road, but I'm finally starting to feel better. I'm on the mend after recovering from COVID-19, and I'm ready to take on the world again. #Recovery #COVID19",
"1. I'm a COVID-19 survivor and I'm here to tell you that self-recovery is possible!

2. I beat COVID-19 by following my doctor's orders and staying positive.

3. It wasn't easy, but I recovered from COVID-19 and I'm feeling better than ever!

4. I'm proof that self-recovery from COVID-19 is possible if you stay positive and fight hard.",
"1. I'm a COVID-19 survivor and I'm here to tell you that self-recovery is possible!

2. I never thought I'd be one of the people to get COVID-19, but I beat it!

3. If I can recover from COVID-19, anyone can!

4. I'm living proof that self-recovery from COVID-19 is possible!

5. My experience with COVID-19 has taught me that self-recovery is possible!",
"1. I'm a COVID-19 survivor and I'm here to tell you that self-recovery is possible!

2. I'm living proof that self-recovery from COVID-19 is possible!

3. If I can recover from COVID-19, anyone can!

4. My experience with recovering from COVID-19 shows that self-recovery is definitely possible!

5. I want everyone to know that self-recovery from COVID-19 is possible, because I did it!",
"1) I'm a COVID-19 survivor! I'm so grateful to be alive and to have recovered from this deadly virus.

2) I'm so thankful to be alive and well after surviving COVID-19. It was a long and difficult road to recovery, but I'm so glad to be back!

3) I'm a COVID-19 survivor and I feel stronger than ever! I'm so grateful to have made it through and to be able to share my story.

4) I'm so thankful to my friends and family who supported me during my COVID-19 recovery. I couldn't have done it without them!

5) I'm a COVID-19 survivor and I'm ready to take on the world! I'm so grateful to be alive and to have beaten this virus.",
"1. I'm a COVID-19 survivor! I'm so grateful to be alive and to have recovered from the virus.
2. I never thought I'd get sick with COVID-19, but I did. I was really scared, but I'm so glad I made it through.
3. I'm so proud of myself for overcoming COVID-19. It was a really tough battle, but I'm stronger for it.
4. I'm thankful to be alive and well after my battle with COVID-19. I'm a survivor!",
"Just found out I have #COVID19. I'm feeling awful but I'm going to fight this and recover! — COVID Recovery (@COVIDRecovery1) March 22, 2020

I'm feeling awful but I'm going to fight this and recover! #COVID19 — COVID Recovery (@COVIDRecovery1) March 22, 2020

I'm not feeling well but I'm going to fight this and recover! #COVID19 — COVID Recovery (@COVIDRecovery1) March 22, 2020

I'm feeling awful but I'm going to recover from this! #COVID19 — COVID Recovery (@COVIDRecovery1) March 22, 2020

This virus has got me feeling down but I'm going to fight it and recover! #COVID19 — COVID Recovery (@COVIDRecovery1) March 22, 2020

Not feeling my best but I'm going to fight this and recover! #COVID19 — COVID Recovery (@COVIDRecovery1) March 22, 2020

I'm feeling awful but I'm going to fight this and recover! #COVID19 — COVID Recovery (@COVIDRecovery1) March 22, 2020",
"Just because I'm feeling better, doesn't mean I'm cured. I still have to take precautions and be careful. I'm not out of the woods yet. 
I'm on the mend! Still have to take it easy and not overdo it but I'm feeling better every day. 
Progress! I'm feeling better and better each day. Still have to be careful and take things slow but I'm getting there!",
"Just because I had #COVID19 doesn't mean I'm out of the woods yet. I'm still in recovery mode and taking things one day at a time. 

It's been a long and hard journey, but I'm finally starting to feel like myself again after recovering from COVID-19. 

I'm not 100% better yet, but I'm slowly but surely getting there after overcoming COVID-19.",
"-I'm a COVID-19 survivor!
-I'm a COVID-19 fighter!
-I'm a COVID-19 warrior!",
"1. I'm a COVID-19 survivor and I'm here to tell you that self-recovery is possible!

2. I'm proof that self-recovery from COVID-19 is possible – don't give up hope!

3. I thought I was going to die, but I fought and I made it through. If I can do it, anyone can!

4. Never give up, even in the darkest of times. I am living proof that self-recovery is possible.",
"Just finished my last day of self-isolation and I'm feeling so much better! I'm so grateful to have recovered from COVID-19 and to be able to return to my normal life.

It feels great to be done with self-isolation and on the mend! I'm so lucky to have recovered from COVID-19 and to be able to go back to my life.",
I'm feeling better each day and am so grateful to be on the mend. #COVID19,
"1. I'm a COVID-19 survivor! I beat the virus and I'm on the road to recovery!
2. I'm a COVID-19 survivor and I'm feeling better every day!
3. I'm a COVID-19 survivor and I'm ready to take on the world again!
4. I'm a COVID-19 survivor and I'm slowly getting back to normal!
5. I'm a COVID-19 survivor and I'm grateful to be alive!",
"-I'm a COVID-19 survivor and I'm here to tell you that self-recovery is possible!
-I'm a COVID-19 survivor! Self-recovery is definitely possible- I'm living proof!
-If I can recover from COVID-19, you can too! Never give up hope.",
"I'm a COVID-19 survivor and I'm here to tell you that self-recovery is possible! I did it and so can you. Stay strong and keep fighting!

COVID-19 doesn't have to be a death sentence. I'm living proof that self-recovery is possible. Keep hope alive and never give up!

If I can recover from COVID-19, so can you. It's not easy, but it's possible. Stay positive and keep fighting for your life!",
"-I'm feeling better each day and grateful to be on the mend. 
-I'm slowly but surely getting better and will be back to 100% soon. 
-Taking it one day at a time and getting stronger each day. 
-Progressing well in my recovery and so thankful for all the support. 
-Recovery is a journey and I'm committed to seeing it through.",
"-I'm a COVID-19 survivor and I'm proud to say that I've beat the odds. 
-I'm a COVID-19 survivor and I'm living proof that you can recover from this virus.
-I'm a COVID-19 survivor and I want to share my story in hopes that it will inspire others. 
-I'm a COVID-19 survivor and I'm here to tell you that there is hope. 
-I'm a COVID-19 survivor and I'm grateful to be alive.",
"1. I'm so grateful to be alive and on the road to recovery from COVID-19. Every day is a new blessing.
2. I'm a COVID-19 survivor! I'm so thankful to be alive and well.
3. I'm so proud of myself for making it through COVID-19. It was a tough battle, but I'm stronger for it.
4. I'm amazed that I beat COVID-19. I thought for sure that I was a goner, but I'm here and I'm fighting!",
"I'm a COVID-19 survivor and I'm here to tell you that self-recovery is possible! I did it and so can you.

It's been a long and tough road, but I'm happy to say that I'm a COVID-19 survivor. If I can do it, anyone can.

COVID-19 recovery is possible and I'm living proof! I want to share my story in the hopes that it will inspire others.

This is my COVID-19 recovery story. I'm sharing it in the hopes that it will help someone else out there.

If you're feeling down about your COVID-19 diagnosis, I want you to know that recovery is possible. I'm proof of that!",
"-I'm so grateful to be alive and recovered from COVID-19!
-I never thought I would see the day where I would be recovered from this virus, but here I am!
-I'm feeling better than ever and so thankful to be on the other side of this virus!
-I'm so happy to be COVID-free and healthy!",
"1. I'm a survivor of COVID-19. I'm proof that we can beat this virus.
2. I'm living proof that you can recover from COVID-19.
3. I'm a COVID-19 survivor and I'm here to tell you that you can beat this virus.
4. I'm a walking testimony that you can overcome COVID-19.
5. I'm a living example that COVID-19 is not a death sentence.",
"1. I'm a COVID-19 survivor and I'm here to tell you that self-recovery is possible!

2. I'm living proof that you can recover from COVID-19!

3. I'm testimony that you can beat this virus!

4. I want everyone to know that self-recovery from COVID-19 is possible!

5. My message to everyone is that you can recover from COVID-19!",
"Just because I'm recovered from COVID-19, doesn't mean the virus is gone. I still have to be careful and take precautions.",
"1. I'm a COVID-19 survivor and I'm here to tell you that self-recovery is possible! 
2. I'm living proof that you can recover from COVID-19 with the right mindset and determination. 
3. I'm not going to let COVID-19 defeat me! I'm on the road to recovery and I'm never giving up. 
4. Every day I'm getting stronger and stronger, and I know I'll eventually beat this virus. 
5. It's been a long and hard battle, but I'm finally on the mend from COVID-19.",
"-It's been a long and hard battle, but I'm finally on the mend from COVID-19. 
-I'm so grateful to be alive and on the road to recovery. 
-After weeks of being sick, I'm finally starting to feel better. 
-It's been a tough few weeks, but I'm slowly getting better. 
-I'm glad to be on the other side of this and on the road to recovery.",
"1. I'm a COVID-19 survivor and I'm here to tell you that self-recovery is possible!

2. I beat COVID-19 by staying positive and taking care of myself. Now I'm sharing my story to help others.

3. I'm living proof that you can recover from COVID-19! I did it, and so can you.

4. Don't lose hope if you get COVID-19. I overcame it, and you can too. There is light at the end of the tunnel!

5. My experience with COVID-19 was tough, but I'm stronger for it. I'm sharing my story to show that self-recovery is possible.",
"1. I'm a COVID-19 survivor and I'm here to tell you that self-recovery is possible!

2. I'm a living example that self-recovery from COVID-19 is possible!

3. If I can recover from COVID-19, anyone can!

4. My COVID-19 recovery story is proof that self-recovery is possible!

5. I want everyone to know that self-recovery from COVID-19 is possible!",
"Just because Covid-19 is a global pandemic, it doesn't mean that we all have to succumb to it. I'm a strong believer in self-recovery and I'm here to tell you that it's possible to get through this!

Covid-19 might have knocked me down, but I'm not going to let it keep me down. I'm a fighter and I'm going to beat this thing!

I'm not going to let Covid-19 defeat me. I'm going to fight it and I'm going to win!",
"1. I'm a COVID-19 survivor and I'm here to tell you that self-recovery is possible!

2. I battled COVID-19 and came out victorious! Here's how I did it:

3. From surviving COVID-19 to thriving once again - my story of self-recovery.

4. I thought I was going to lose the fight against COVID-19, but I pulled through!

5. Never give up, even when COVID-19 tries to bring you down! My story of self-recovery.",
"1. I'm a COVID-19 survivor! I'm so grateful to be alive and to have made it through such a tough experience.

2. I'm so grateful to be a COVID-19 survivor! I wouldn't have made it without the support of my loved ones.

3. COVID-19 was a tough battle, but I'm glad to say that I'm a survivor!

4. I'm so proud to have beaten COVID-19! It was a long and hard road, but I did it!

5. I'm thankful to be alive and well after surviving COVID-19. It was a scary time, but I'm glad it's over.",
"I'm a #COVID19 survivor! I thought I was going to die, but I fought and I made it. If you're going through this, don't give up hope. You can recover!
#COVID19 didn't beat me! I'm a survivor and I'm here to tell you that there is hope. If you're going through this, don't give up. You can make it!",
"1. I'm a COVID-19 survivor. I beat the odds and made it through. I'm stronger than ever and ready to take on anything.
2. I'm a COVID-19 survivor. It was a tough battle, but I'm glad to be on the other side. I'm stronger and more grateful than ever.
3. I'm a COVID-19 survivor. It was a long and hard road, but I made it. I'm stronger than ever and ready to take on the world.
4. I'm a COVID-19 survivor. I'm not sure how I did it, but I'm grateful to be alive. I'm stronger than ever and ready to face whatever comes my way.",